year,chapter,subject,marks
2002,3d-geometry,maths,4
2002,alternating-current,physics,4
2002,application-of-derivatives,maths,4
2002,area-under-the-curves,maths,4
2002,atoms-and-nuclei,physics,4
2002,basics-of-organic-chemistry,chemistry,8
2002,binomial-theorem,maths,8
2002,biomolecules,chemistry,4
2002,capacitor,physics,4
2002,center-of-mass,physics,4
2002,chemical-bonding-and-molecular-structure,chemistry,8
2002,chemical-equilibrium,chemistry,4
2002,chemical-kinetics-and-nuclear-chemistry,chemistry,8
2002,circle,maths,8
2002,circular-motion,physics,4
2002,complex-numbers,maths,4
2002,coordination-compounds,chemistry,4
2002,current-electricity,physics,8
2002,d-and-f-block-elements,chemistry,8
2002,definite-integration,maths,8
2002,differential-equations,maths,4
2002,differentiation,maths,4
2002,dual-nature-of-radiation,physics,4
2002,electrochemistry,chemistry,8
2002,electromagnetic-waves,physics,4
2002,electronic-devices,physics,8
2002,electrostatics,physics,4
2002,functions,maths,4
2002,gaseous-state,chemistry,4
2002,geometrical-optics,physics,8
2002,gravitation,physics,8
2002,haloalkanes-and-haloarenes,chemistry,4
2002,heat-and-thermodynamics,physics,8
2002,hydrocarbons,chemistry,4
2002,inverse-trigonometric-functions,maths,4
2002,ionic-equilibrium,chemistry,4
2002,isolation-of-elements,chemistry,4
2002,laws-of-motion,physics,8
2002,limits-continuity-and-differentiability,maths,8
2002,magnetics,physics,8
2002,mathematical-induction,maths,4
2002,matrices-and-determinants,maths,4
2002,motion-in-a-straight-line,physics,4
2002,p-block-elements,chemistry,4
2002,parabola,maths,4
2002,periodic-table-and-periodicity,chemistry,4
2002,permutations-and-combinations,maths,8
2002,polymers,chemistry,4
2002,probability,maths,4
2002,properties-of-matter,physics,4
2002,properties-of-triangle,maths,4
2002,quadratic-equation-and-inequalities,maths,8
2002,redox-reactions,chemistry,4
2002,rotational-motion,physics,4
2002,s-block-elements,chemistry,4
2002,sequences-and-series,maths,8
2002,simple-harmonic-motion,physics,4
2002,solid-state,chemistry,4
2002,solutions,chemistry,4
2002,some-basic-concepts-of-chemistry,chemistry,4
2002,statistics,maths,4
2002,straight-lines-and-pair-of-straight-lines,maths,8
2002,structure-of-atom,chemistry,4
2002,surface-chemistry,chemistry,4
2002,thermodynamics,chemistry,8
2002,units-and-measurements,physics,4
2002,vector-algebra,maths,8
2002,waves,physics,8
2002,work-power-and-energy,physics,4
2003,3d-geometry,maths,8
2003,alcohols-phenols-and-ethers,chemistry,4
2003,alternating-current,physics,4
2003,application-of-derivatives,maths,4
2003,area-under-the-curves,maths,4
2003,atoms-and-nuclei,physics,8
2003,basics-of-organic-chemistry,chemistry,4
2003,binomial-theorem,maths,4
2003,biomolecules,chemistry,4
2003,capacitor,physics,4
2003,center-of-mass,physics,4
2003,chemical-bonding-and-molecular-structure,chemistry,4
2003,chemical-equilibrium,chemistry,4
2003,chemical-kinetics-and-nuclear-chemistry,chemistry,8
2003,circle,maths,4
2003,communication-systems,physics,4
2003,complex-numbers,maths,4
2003,coordination-compounds,chemistry,4
2003,current-electricity,physics,8
2003,d-and-f-block-elements,chemistry,8
2003,definite-integration,maths,8
2003,differential-equations,maths,4
2003,differentiation,maths,4
2003,dual-nature-of-radiation,physics,4
2003,electrochemistry,chemistry,8
2003,electromagnetic-induction,physics,4
2003,electronic-devices,physics,4
2003,electrostatics,physics,4
2003,functions,maths,8
2003,gaseous-state,chemistry,4
2003,geometrical-optics,physics,4
2003,gravitation,physics,4
2003,haloalkanes-and-haloarenes,chemistry,4
2003,heat-and-thermodynamics,physics,8
2003,hydrocarbons,chemistry,4
2003,hydrogen,chemistry,4
2003,hyperbola,maths,4
2003,inverse-trigonometric-functions,maths,4
2003,ionic-equilibrium,chemistry,4
2003,laws-of-motion,physics,8
2003,limits-continuity-and-differentiability,maths,8
2003,magnetic-properties-of-matter,physics,4
2003,magnetics,physics,4
2003,matrices-and-determinants,maths,4
2003,motion-in-a-plane,physics,4
2003,motion-in-a-straight-line,physics,4
2003,p-block-elements,chemistry,4
2003,parabola,maths,4
2003,periodic-table-and-periodicity,chemistry,8
2003,permutations-and-combinations,maths,4
2003,polymers,chemistry,4
2003,probability,maths,4
2003,properties-of-matter,physics,4
2003,properties-of-triangle,maths,4
2003,quadratic-equation-and-inequalities,maths,4
2003,rotational-motion,physics,4
2003,s-block-elements,chemistry,4
2003,sequences-and-series,maths,4
2003,simple-harmonic-motion,physics,8
2003,solid-state,chemistry,4
2003,solutions,chemistry,4
2003,some-basic-concepts-of-chemistry,chemistry,4
2003,statistics,maths,4
2003,straight-lines-and-pair-of-straight-lines,maths,8
2003,structure-of-atom,chemistry,8
2003,thermodynamics,chemistry,8
2003,units-and-measurements,physics,4
2003,vector-algebra,maths,8
2003,wave-optics,physics,4
2003,waves,physics,4
2003,work-power-and-energy,physics,4
2004,3d-geometry,maths,8
2004,alcohols-phenols-and-ethers,chemistry,4
2004,aldehydes-ketones-and-carboxylic-acids,chemistry,4
2004,alternating-current,physics,4
2004,application-of-derivatives,maths,8
2004,area-under-the-curves,maths,4
2004,atoms-and-nuclei,physics,4
2004,basics-of-organic-chemistry,chemistry,8
2004,binomial-theorem,maths,4
2004,biomolecules,chemistry,4
2004,center-of-mass,physics,4
2004,chemical-bonding-and-molecular-structure,chemistry,8
2004,chemical-equilibrium,chemistry,4
2004,chemical-kinetics-and-nuclear-chemistry,chemistry,8
2004,circle,maths,8
2004,circular-motion,physics,4
2004,complex-numbers,maths,4
2004,coordination-compounds,chemistry,8
2004,current-electricity,physics,8
2004,d-and-f-block-elements,chemistry,4
2004,definite-integration,maths,8
2004,differential-equations,maths,4
2004,differentiation,maths,4
2004,dual-nature-of-radiation,physics,4
2004,electrochemistry,chemistry,8
2004,electromagnetic-induction,physics,4
2004,electromagnetic-waves,physics,4
2004,electronic-devices,physics,8
2004,electrostatics,physics,8
2004,ellipse,maths,4
2004,environmental-chemistry,chemistry,4
2004,functions,maths,8
2004,gaseous-state,chemistry,4
2004,geometrical-optics,physics,4
2004,gravitation,physics,8
2004,haloalkanes-and-haloarenes,chemistry,4
2004,heat-and-thermodynamics,physics,8
2004,height-and-distance,maths,4
2004,hydrocarbons,chemistry,4
2004,indefinite-integrals,maths,4
2004,ionic-equilibrium,chemistry,4
2004,isolation-of-elements,chemistry,4
2004,laws-of-motion,physics,4
2004,limits-continuity-and-differentiability,maths,4
2004,magnetic-properties-of-matter,physics,4
2004,magnetics,physics,8
2004,mathematical-induction,maths,4
2004,matrices-and-determinants,maths,4
2004,motion-in-a-plane,physics,4
2004,motion-in-a-straight-line,physics,4
2004,p-block-elements,chemistry,4
2004,parabola,maths,4
2004,periodic-table-and-periodicity,chemistry,4
2004,permutations-and-combinations,maths,4
2004,practical-organic-chemistry,chemistry,4
2004,probability,maths,4
2004,properties-of-matter,physics,4
2004,quadratic-equation-and-inequalities,maths,4
2004,rotational-motion,physics,4
2004,s-block-elements,chemistry,4
2004,sequences-and-series,maths,4
2004,sets-and-relations,maths,4
2004,simple-harmonic-motion,physics,8
2004,solutions,chemistry,8
2004,some-basic-concepts-of-chemistry,chemistry,4
2004,statistics,maths,4
2004,straight-lines-and-pair-of-straight-lines,maths,8
2004,structure-of-atom,chemistry,8
2004,thermodynamics,chemistry,4
2004,trigonometric-ratio-and-identites,maths,4
2004,units-and-measurements,physics,4
2004,vector-algebra,maths,8
2004,vector-algebra,physics,4
2004,wave-optics,physics,4
2004,waves,physics,4
2004,work-power-and-energy,physics,8
2005,3d-geometry,maths,8
2005,alcohols-phenols-and-ethers,chemistry,4
2005,aldehydes-ketones-and-carboxylic-acids,chemistry,4
2005,alternating-current,physics,4
2005,application-of-derivatives,maths,8
2005,area-under-the-curves,maths,4
2005,atoms-and-nuclei,physics,8
2005,basics-of-organic-chemistry,chemistry,4
2005,binomial-theorem,maths,8
2005,biomolecules,chemistry,4
2005,capacitor,physics,4
2005,center-of-mass,physics,4
2005,chemical-bonding-and-molecular-structure,chemistry,4
2005,chemical-equilibrium,chemistry,4
2005,chemical-kinetics-and-nuclear-chemistry,chemistry,8
2005,circle,maths,8
2005,complex-numbers,maths,4
2005,compounds-containing-nitrogen,chemistry,4
2005,coordination-compounds,chemistry,8
2005,current-electricity,physics,8
2005,d-and-f-block-elements,chemistry,8
2005,definite-integration,maths,8
2005,differential-equations,maths,4
2005,dual-nature-of-radiation,physics,4
2005,electrochemistry,chemistry,8
2005,electromagnetic-induction,physics,4
2005,electronic-devices,physics,4
2005,electrostatics,physics,4
2005,ellipse,maths,4
2005,functions,maths,4
2005,gaseous-state,chemistry,4
2005,geometrical-optics,physics,4
2005,gravitation,physics,4
2005,haloalkanes-and-haloarenes,chemistry,4
2005,heat-and-thermodynamics,physics,4
2005,hydrocarbons,chemistry,8
2005,hydrogen,chemistry,4
2005,hyperbola,maths,4
2005,indefinite-integrals,maths,4
2005,inverse-trigonometric-functions,maths,4
2005,ionic-equilibrium,chemistry,4
2005,isolation-of-elements,chemistry,4
2005,laws-of-motion,physics,4
2005,limits-continuity-and-differentiability,maths,4
2005,magnetic-properties-of-matter,physics,4
2005,magnetics,physics,8
2005,mathematical-induction,maths,4
2005,matrices-and-determinants,maths,8
2005,motion-in-a-plane,physics,4
2005,motion-in-a-straight-line,physics,4
2005,parabola,maths,4
2005,periodic-table-and-periodicity,chemistry,4
2005,permutations-and-combinations,maths,4
2005,polymers,chemistry,4
2005,probability,maths,4
2005,properties-of-matter,physics,4
2005,properties-of-triangle,maths,4
2005,quadratic-equation-and-inequalities,maths,8
2005,rotational-motion,physics,4
2005,s-block-elements,chemistry,4
2005,sequences-and-series,maths,4
2005,sets-and-relations,maths,4
2005,simple-harmonic-motion,physics,8
2005,solid-state,chemistry,4
2005,solutions,chemistry,4
2005,some-basic-concepts-of-chemistry,chemistry,4
2005,statistics,maths,4
2005,straight-lines-and-pair-of-straight-lines,maths,4
2005,structure-of-atom,chemistry,4
2005,surface-chemistry,chemistry,4
2005,thermodynamics,chemistry,4
2005,units-and-measurements,physics,4
2005,vector-algebra,maths,8
2005,wave-optics,physics,8
2005,waves,physics,4
2005,work-power-and-energy,physics,8
2006,3d-geometry,maths,8
2006,alcohols-phenols-and-ethers,chemistry,4
2006,alternating-current,physics,4
2006,application-of-derivatives,maths,8
2006,atoms-and-nuclei,physics,8
2006,basics-of-organic-chemistry,chemistry,8
2006,binomial-theorem,maths,8
2006,biomolecules,chemistry,4
2006,center-of-mass,physics,8
2006,chemical-bonding-and-molecular-structure,chemistry,8
2006,chemical-equilibrium,chemistry,4
2006,chemical-kinetics-and-nuclear-chemistry,chemistry,8
2006,circle,maths,8
2006,complex-numbers,maths,8
2006,coordination-compounds,chemistry,8
2006,current-electricity,physics,8
2006,d-and-f-block-elements,chemistry,8
2006,definite-integration,maths,8
2006,differential-equations,maths,4
2006,differentiation,maths,4
2006,dual-nature-of-radiation,physics,4
2006,electrochemistry,chemistry,8
2006,electromagnetic-induction,physics,4
2006,electromagnetic-waves,physics,4
2006,electronic-devices,physics,8
2006,electrostatics,physics,4
2006,ellipse,maths,4
2006,geometrical-optics,physics,4
2006,haloalkanes-and-haloarenes,chemistry,4
2006,heat-and-thermodynamics,physics,8
2006,limits-continuity-and-differentiability,maths,4
2006,magnetic-properties-of-matter,physics,4
2006,magnetics,physics,4
2006,matrices-and-determinants,maths,8
2006,motion-in-a-straight-line,physics,4
2006,p-block-elements,chemistry,4
2006,parabola,maths,4
2006,periodic-table-and-periodicity,chemistry,4
2006,permutations-and-combinations,maths,4
2006,probability,maths,4
2006,properties-of-matter,physics,4
2006,quadratic-equation-and-inequalities,maths,8
2006,redox-reactions,chemistry,4
2006,rotational-motion,physics,4
2006,s-block-elements,chemistry,4
2006,sequences-and-series,maths,8
2006,sets-and-relations,maths,4
2006,simple-harmonic-motion,physics,8
2006,solid-state,chemistry,4
2006,solutions,chemistry,4
2006,some-basic-concepts-of-chemistry,chemistry,4
2006,statistics,maths,4
2006,straight-lines-and-pair-of-straight-lines,maths,8
2006,structure-of-atom,chemistry,8
2006,thermodynamics,chemistry,8
2006,trigonometric-ratio-and-identites,maths,4
2006,vector-algebra,maths,8
2006,waves,physics,4
2006,work-power-and-energy,physics,8
2007,3d-geometry,maths,4
2007,alcohols-phenols-and-ethers,chemistry,4
2007,aldehydes-ketones-and-carboxylic-acids,chemistry,4
2007,alternating-current,physics,4
2007,application-of-derivatives,maths,8
2007,area-under-the-curves,maths,4
2007,atoms-and-nuclei,physics,12
2007,basics-of-organic-chemistry,chemistry,8
2007,binomial-theorem,maths,4
2007,biomolecules,chemistry,4
2007,capacitor,physics,8
2007,center-of-mass,physics,4
2007,chemical-bonding-and-molecular-structure,chemistry,12
2007,chemical-kinetics-and-nuclear-chemistry,chemistry,12
2007,circle,maths,4
2007,complex-numbers,maths,4
2007,compounds-containing-nitrogen,chemistry,4
2007,coordination-compounds,chemistry,4
2007,current-electricity,physics,4
2007,d-and-f-block-elements,chemistry,8
2007,definite-integration,maths,8
2007,differential-equations,maths,4
2007,dual-nature-of-radiation,physics,4
2007,electrochemistry,chemistry,8
2007,electromagnetic-induction,physics,4
2007,electronic-devices,physics,4
2007,electrostatics,physics,8
2007,functions,maths,4
2007,gaseous-state,chemistry,4
2007,geometrical-optics,physics,4
2007,gravitation,physics,4
2007,haloalkanes-and-haloarenes,chemistry,4
2007,heat-and-thermodynamics,physics,4
2007,height-and-distance,maths,4
2007,hydrocarbons,chemistry,8
2007,hyperbola,maths,4
2007,indefinite-integrals,maths,4
2007,inverse-trigonometric-functions,maths,4
2007,ionic-equilibrium,chemistry,8
2007,laws-of-motion,physics,4
2007,limits-continuity-and-differentiability,maths,4
2007,magnetics,physics,12
2007,matrices-and-determinants,maths,4
2007,motion-in-a-straight-line,physics,4
2007,p-block-elements,chemistry,8
2007,parabola,maths,4
2007,permutations-and-combinations,maths,4
2007,probability,maths,4
2007,quadratic-equation-and-inequalities,maths,4
2007,rotational-motion,physics,8
2007,sequences-and-series,maths,4
2007,simple-harmonic-motion,physics,8
2007,solutions,chemistry,8
2007,some-basic-concepts-of-chemistry,chemistry,8
2007,statistics,maths,4
2007,straight-lines-and-pair-of-straight-lines,maths,8
2007,structure-of-atom,chemistry,4
2007,thermodynamics,chemistry,8
2007,vector-algebra,maths,4
2007,wave-optics,physics,4
2007,waves,physics,4
2007,work-power-and-energy,physics,8
2008,3d-geometry,maths,8
2008,alcohols-phenols-and-ethers,chemistry,4
2008,application-of-derivatives,maths,8
2008,area-under-the-curves,maths,4
2008,atoms-and-nuclei,physics,8
2008,basics-of-organic-chemistry,chemistry,4
2008,binomial-theorem,maths,4
2008,biomolecules,chemistry,4
2008,capacitor,physics,4
2008,center-of-mass,physics,4
2008,chemical-bonding-and-molecular-structure,chemistry,8
2008,chemical-equilibrium,chemistry,8
2008,chemical-kinetics-and-nuclear-chemistry,chemistry,4
2008,circle,maths,8
2008,complex-numbers,maths,4
2008,coordination-compounds,chemistry,8
2008,d-and-f-block-elements,chemistry,8
2008,differential-equations,maths,4
2008,electrochemistry,chemistry,4
2008,electromagnetic-induction,physics,4
2008,electronic-devices,physics,4
2008,ellipse,maths,4
2008,environmental-chemistry,chemistry,4
2008,functions,maths,4
2008,gravitation,physics,8
2008,haloalkanes-and-haloarenes,chemistry,4
2008,heat-and-thermodynamics,physics,8
2008,height-and-distance,maths,4
2008,hydrocarbons,chemistry,8
2008,hydrogen,chemistry,4
2008,indefinite-integrals,maths,4
2008,inverse-trigonometric-functions,maths,4
2008,ionic-equilibrium,chemistry,8
2008,isolation-of-elements,chemistry,4
2008,limits-continuity-and-differentiability,maths,4
2008,magnetic-properties-of-matter,physics,4
2008,magnetics,physics,4
2008,mathematical-reasoning,maths,8
2008,matrices-and-determinants,maths,8
2008,p-block-elements,chemistry,4
2008,parabola,maths,4
2008,permutations-and-combinations,maths,8
2008,polymers,chemistry,4
2008,probability,maths,8
2008,properties-of-matter,physics,4
2008,quadratic-equation-and-inequalities,maths,8
2008,rotational-motion,physics,4
2008,sequences-and-series,maths,4
2008,sets-and-relations,maths,4
2008,solid-state,chemistry,4
2008,solutions,chemistry,8
2008,statistics,maths,4
2008,straight-lines-and-pair-of-straight-lines,maths,4
2008,structure-of-atom,chemistry,8
2008,surface-chemistry,chemistry,4
2008,thermodynamics,chemistry,8
2008,units-and-measurements,physics,20
2008,vector-algebra,maths,8
2008,waves,physics,8
2008,work-power-and-energy,physics,4
2009,3d-geometry,maths,8
2009,alcohols-phenols-and-ethers,chemistry,4
2009,aldehydes-ketones-and-carboxylic-acids,chemistry,4
2009,application-of-derivatives,maths,4
2009,area-under-the-curves,maths,4
2009,atoms-and-nuclei,physics,8
2009,basics-of-organic-chemistry,chemistry,16
2009,binomial-theorem,maths,4
2009,biomolecules,chemistry,4
2009,chemical-bonding-and-molecular-structure,chemistry,4
2009,chemical-kinetics-and-nuclear-chemistry,chemistry,4
2009,circle,maths,8
2009,complex-numbers,maths,4
2009,coordination-compounds,chemistry,8
2009,d-and-f-block-elements,chemistry,8
2009,definite-integration,maths,4
2009,differential-equations,maths,4
2009,differentiation,maths,4
2009,dual-nature-of-radiation,physics,8
2009,electrochemistry,chemistry,8
2009,electrostatics,physics,24
2009,ellipse,maths,4
2009,functions,maths,8
2009,geometrical-optics,physics,8
2009,gravitation,physics,8
2009,haloalkanes-and-haloarenes,chemistry,4
2009,heat-and-thermodynamics,physics,12
2009,ionic-equilibrium,chemistry,4
2009,limits-continuity-and-differentiability,maths,4
2009,mathematical-reasoning,maths,4
2009,matrices-and-determinants,maths,8
2009,motion-in-a-plane,physics,8
2009,periodic-table-and-periodicity,chemistry,8
2009,permutations-and-combinations,maths,4
2009,probability,maths,8
2009,properties-of-matter,physics,8
2009,quadratic-equation-and-inequalities,maths,4
2009,rotational-motion,physics,8
2009,sequences-and-series,maths,4
2009,sets-and-relations,maths,4
2009,simple-harmonic-motion,physics,8
2009,solid-state,chemistry,4
2009,solutions,chemistry,8
2009,statistics,maths,8
2009,straight-lines-and-pair-of-straight-lines,maths,8
2009,structure-of-atom,chemistry,8
2009,thermodynamics,chemistry,4
2009,trigonometric-ratio-and-identites,maths,4
2009,units-and-measurements,physics,8
2009,vector-algebra,maths,4
2009,wave-optics,physics,8
2009,waves,physics,12
2010,3d-geometry,maths,8
2010,alcohols-phenols-and-ethers,chemistry,4
2010,aldehydes-ketones-and-carboxylic-acids,chemistry,4
2010,alternating-current,physics,4
2010,application-of-derivatives,maths,8
2010,area-under-the-curves,maths,4
2010,atoms-and-nuclei,physics,16
2010,basics-of-organic-chemistry,chemistry,8
2010,binomial-theorem,maths,4
2010,biomolecules,chemistry,4
2010,capacitor,physics,4
2010,center-of-mass,physics,4
2010,chemical-equilibrium,chemistry,4
2010,chemical-kinetics-and-nuclear-chemistry,chemistry,8
2010,circle,maths,4
2010,circular-motion,physics,4
2010,complex-numbers,maths,4
2010,coordination-compounds,chemistry,8
2010,current-electricity,physics,4
2010,definite-integration,maths,4
2010,differential-equations,maths,4
2010,differentiation,maths,4
2010,dual-nature-of-radiation,physics,12
2010,electrochemistry,chemistry,8
2010,electrostatics,physics,12
2010,gaseous-state,chemistry,4
2010,geometrical-optics,physics,12
2010,ionic-equilibrium,chemistry,12
2010,limits-continuity-and-differentiability,maths,4
2010,mathematical-reasoning,maths,4
2010,matrices-and-determinants,maths,8
2010,motion-in-a-plane,physics,4
2010,parabola,maths,4
2010,periodic-table-and-periodicity,chemistry,4
2010,permutations-and-combinations,maths,4
2010,polymers,chemistry,4
2010,practical-organic-chemistry,chemistry,4
2010,probability,maths,8
2010,properties-of-triangle,maths,4
2010,quadratic-equation-and-inequalities,maths,4
2010,sequences-and-series,maths,4
2010,sets-and-relations,maths,4
2010,solid-state,chemistry,8
2010,solutions,chemistry,8
2010,statistics,maths,4
2010,straight-lines-and-pair-of-straight-lines,maths,4
2010,structure-of-atom,chemistry,8
2010,thermodynamics,chemistry,8
2010,trigonometric-ratio-and-identites,maths,4
2010,units-and-measurements,physics,4
2010,vector-algebra,maths,8
2010,wave-optics,physics,4
2010,waves,physics,4
2010,work-power-and-energy,physics,4
2011,3d-geometry,maths,8
2011,alcohols-phenols-and-ethers,chemistry,4
2011,aldehydes-ketones-and-carboxylic-acids,chemistry,8
2011,alternating-current,physics,8
2011,application-of-derivatives,maths,8
2011,area-under-the-curves,maths,4
2011,atoms-and-nuclei,physics,8
2011,basics-of-organic-chemistry,chemistry,4
2011,binomial-theorem,maths,4
2011,biomolecules,chemistry,4
2011,chemical-bonding-and-molecular-structure,chemistry,12
2011,chemical-equilibrium,chemistry,4
2011,chemical-kinetics-and-nuclear-chemistry,chemistry,4
2011,circle,maths,4
2011,communication-systems,physics,4
2011,complex-numbers,maths,8
2011,coordination-compounds,chemistry,8
2011,current-electricity,physics,4
2011,d-and-f-block-elements,chemistry,8
2011,definite-integration,maths,4
2011,differential-equations,maths,8
2011,differentiation,maths,4
2011,dual-nature-of-radiation,physics,4
2011,electrochemistry,chemistry,4
2011,electromagnetic-induction,physics,4
2011,electrostatics,physics,8
2011,ellipse,maths,4
2011,functions,maths,4
2011,gaseous-state,chemistry,4
2011,geometrical-optics,physics,8
2011,gravitation,physics,4
2011,heat-and-thermodynamics,physics,8
2011,hydrocarbons,chemistry,4
2011,limits-continuity-and-differentiability,maths,8
2011,magnetics,physics,4
2011,mathematical-reasoning,maths,4
2011,matrices-and-determinants,maths,8
2011,motion-in-a-plane,physics,4
2011,motion-in-a-straight-line,physics,4
2011,p-block-elements,chemistry,8
2011,periodic-table-and-periodicity,chemistry,8
2011,permutations-and-combinations,maths,8
2011,practical-organic-chemistry,chemistry,4
2011,probability,maths,8
2011,properties-of-matter,physics,8
2011,rotational-motion,physics,8
2011,sequences-and-series,maths,4
2011,sets-and-relations,maths,4
2011,simple-harmonic-motion,physics,8
2011,solid-state,chemistry,4
2011,solutions,chemistry,8
2011,some-basic-concepts-of-chemistry,chemistry,4
2011,statistics,maths,4
2011,straight-lines-and-pair-of-straight-lines,maths,4
2011,structure-of-atom,chemistry,4
2011,thermodynamics,chemistry,4
2011,trigonometric-ratio-and-identites,maths,4
2011,units-and-measurements,physics,4
2011,vector-algebra,maths,8
2011,wave-optics,physics,4
2011,waves,physics,4
2012,3d-geometry,maths,8
2012,alcohols-phenols-and-ethers,chemistry,4
2012,application-of-derivatives,maths,8
2012,area-under-the-curves,maths,4
2012,atoms-and-nuclei,physics,16
2012,binomial-theorem,maths,4
2012,biomolecules,chemistry,8
2012,chemical-bonding-and-molecular-structure,chemistry,4
2012,chemical-equilibrium,chemistry,4
2012,chemical-kinetics-and-nuclear-chemistry,chemistry,4
2012,circle,maths,4
2012,circular-motion,physics,4
2012,communication-systems,physics,4
2012,complex-numbers,maths,4
2012,coordination-compounds,chemistry,4
2012,current-electricity,physics,4
2012,d-and-f-block-elements,chemistry,4
2012,definite-integration,maths,4
2012,differential-equations,maths,4
2012,dual-nature-of-radiation,physics,4
2012,electrochemistry,chemistry,4
2012,electromagnetic-induction,physics,4
2012,electromagnetic-waves,physics,4
2012,electrostatics,physics,4
2012,ellipse,maths,8
2012,gaseous-state,chemistry,4
2012,geometrical-optics,physics,4
2012,gravitation,physics,4
2012,haloalkanes-and-haloarenes,chemistry,12
2012,hydrocarbons,chemistry,8
2012,hydrogen,chemistry,4
2012,indefinite-integrals,maths,4
2012,ionic-equilibrium,chemistry,4
2012,isolation-of-elements,chemistry,4
2012,limits-continuity-and-differentiability,maths,8
2012,magnetics,physics,4
2012,mathematical-reasoning,maths,4
2012,matrices-and-determinants,maths,8
2012,motion-in-a-plane,physics,4
2012,p-block-elements,chemistry,4
2012,periodic-table-and-periodicity,chemistry,4
2012,permutations-and-combinations,maths,4
2012,polymers,chemistry,4
2012,probability,maths,4
2012,properties-of-triangle,maths,4
2012,quadratic-equation-and-inequalities,maths,4
2012,s-block-elements,chemistry,4
2012,sequences-and-series,maths,4
2012,sets-and-relations,maths,4
2012,simple-harmonic-motion,physics,4
2012,solid-state,chemistry,4
2012,solutions,chemistry,4
2012,some-basic-concepts-of-chemistry,chemistry,4
2012,statistics,maths,4
2012,straight-lines-and-pair-of-straight-lines,maths,4
2012,structure-of-atom,chemistry,4
2012,thermodynamics,chemistry,4
2012,units-and-measurements,physics,8
2012,vector-algebra,maths,8
2012,wave-optics,physics,4
2012,waves,physics,4
2012,work-power-and-energy,physics,4
2013,3d-geometry,maths,8
2013,alcohols-phenols-and-ethers,chemistry,4
2013,application-of-derivatives,maths,4
2013,area-under-the-curves,maths,4
2013,atoms-and-nuclei,physics,4
2013,binomial-theorem,maths,4
2013,biomolecules,chemistry,4
2013,capacitor,physics,4
2013,center-of-mass,physics,4
2013,chemical-bonding-and-molecular-structure,chemistry,12
2013,chemical-kinetics-and-nuclear-chemistry,chemistry,4
2013,circle,maths,4
2013,complex-numbers,maths,4
2013,coordination-compounds,chemistry,4
2013,current-electricity,physics,8
2013,d-and-f-block-elements,chemistry,8
2013,definite-integration,maths,4
2013,differential-equations,maths,4
2013,differentiation,maths,4
2013,electrochemistry,chemistry,4
2013,electromagnetic-induction,physics,4
2013,electromagnetic-waves,physics,4
2013,electrostatics,physics,4
2013,ellipse,maths,4
2013,gaseous-state,chemistry,4
2013,geometrical-optics,physics,4
2013,gravitation,physics,4
2013,haloalkanes-and-haloarenes,chemistry,4
2013,heat-and-thermodynamics,physics,4
2013,height-and-distance,maths,4
2013,indefinite-integrals,maths,4
2013,inverse-trigonometric-functions,maths,4
2013,ionic-equilibrium,chemistry,4
2013,limits-continuity-and-differentiability,maths,4
2013,magnetic-properties-of-matter,physics,4
2013,mathematical-reasoning,maths,4
2013,matrices-and-determinants,maths,8
2013,motion-in-a-plane,physics,4
2013,parabola,maths,4
2013,periodic-table-and-periodicity,chemistry,8
2013,permutations-and-combinations,maths,8
2013,probability,maths,4
2013,properties-of-matter,physics,4
2013,quadratic-equation-and-inequalities,maths,4
2013,redox-reactions,chemistry,4
2013,rotational-motion,physics,4
2013,sequences-and-series,maths,4
2013,simple-harmonic-motion,physics,8
2013,solid-state,chemistry,4
2013,some-basic-concepts-of-chemistry,chemistry,12
2013,statistics,maths,4
2013,straight-lines-and-pair-of-straight-lines,maths,8
2013,structure-of-atom,chemistry,4
2013,surface-chemistry,chemistry,4
2013,thermodynamics,chemistry,4
2013,trigonometric-ratio-and-identites,maths,4
2013,units-and-measurements,physics,4
2013,vector-algebra,maths,4
2013,wave-optics,physics,4
2013,waves,physics,4
2014,3d-geometry,maths,8
2014,alcohols-phenols-and-ethers,chemistry,4
2014,application-of-derivatives,maths,8
2014,area-under-the-curves,maths,4
2014,atoms-and-nuclei,physics,8
2014,basics-of-organic-chemistry,chemistry,4
2014,binomial-theorem,maths,4
2014,biomolecules,chemistry,4
2014,capacitor,physics,4
2014,chemical-equilibrium,chemistry,4
2014,chemical-kinetics-and-nuclear-chemistry,chemistry,4
2014,circle,maths,4
2014,complex-numbers,maths,4
2014,compounds-containing-nitrogen,chemistry,8
2014,coordination-compounds,chemistry,8
2014,current-electricity,physics,4
2014,d-and-f-block-elements,chemistry,4
2014,definite-integration,maths,4
2014,differential-equations,maths,4
2014,differentiation,maths,4
2014,electrochemistry,chemistry,12
2014,electromagnetic-waves,physics,16
2014,electronic-devices,physics,4
2014,electrostatics,physics,4
2014,ellipse,maths,4
2014,gaseous-state,chemistry,4
2014,geometrical-optics,physics,8
2014,gravitation,physics,4
2014,haloalkanes-and-haloarenes,chemistry,8
2014,heat-and-thermodynamics,physics,4
2014,height-and-distance,maths,4
2014,laws-of-motion,physics,4
2014,limits-continuity-and-differentiability,maths,4
2014,magnetic-properties-of-matter,physics,4
2014,mathematical-reasoning,maths,4
2014,matrices-and-determinants,maths,8
2014,motion-in-a-straight-line,physics,4
2014,p-block-elements,chemistry,8
2014,parabola,maths,4
2014,polymers,chemistry,4
2014,probability,maths,4
2014,properties-of-matter,physics,8
2014,quadratic-equation-and-inequalities,maths,8
2014,redox-reactions,chemistry,4
2014,rotational-motion,physics,4
2014,s-block-elements,chemistry,4
2014,sequences-and-series,maths,8
2014,simple-harmonic-motion,physics,4
2014,solid-state,chemistry,4
2014,solutions,chemistry,4
2014,some-basic-concepts-of-chemistry,chemistry,4
2014,statistics,maths,4
2014,straight-lines-and-pair-of-straight-lines,maths,8
2014,structure-of-atom,chemistry,4
2014,thermodynamics,chemistry,4
2014,trigonometric-ratio-and-identites,maths,4
2014,units-and-measurements,physics,4
2014,vector-algebra,maths,4
2014,wave-optics,physics,4
2014,waves,physics,4
2014,work-power-and-energy,physics,4
2015,3d-geometry,maths,8
2015,application-of-derivatives,maths,8
2015,area-under-the-curves,maths,4
2015,atoms-and-nuclei,physics,4
2015,basics-of-organic-chemistry,chemistry,8
2015,binomial-theorem,maths,4
2015,biomolecules,chemistry,4
2015,center-of-mass,physics,12
2015,chemical-bonding-and-molecular-structure,chemistry,4
2015,chemical-equilibrium,chemistry,4
2015,chemical-kinetics-and-nuclear-chemistry,chemistry,4
2015,circle,maths,8
2015,communication-systems,physics,4
2015,complex-numbers,maths,4
2015,coordination-compounds,chemistry,8
2015,current-electricity,physics,4
2015,d-and-f-block-elements,chemistry,8
2015,definite-integration,maths,4
2015,differential-equations,maths,4
2015,electrochemistry,chemistry,4
2015,electromagnetic-induction,physics,4
2015,electromagnetic-waves,physics,12
2015,electronic-devices,physics,4
2015,electrostatics,physics,4
2015,ellipse,maths,4
2015,haloalkanes-and-haloarenes,chemistry,4
2015,heat-and-thermodynamics,physics,16
2015,height-and-distance,maths,4
2015,hydrogen,chemistry,4
2015,indefinite-integrals,maths,4
2015,inverse-trigonometric-functions,maths,4
2015,isolation-of-elements,chemistry,4
2015,limits-continuity-and-differentiability,maths,8
2015,mathematical-reasoning,maths,4
2015,matrices-and-determinants,maths,8
2015,p-block-elements,chemistry,8
2015,parabola,maths,4
2015,periodic-table-and-periodicity,chemistry,4
2015,permutations-and-combinations,maths,4
2015,polymers,chemistry,4
2015,probability,maths,4
2015,quadratic-equation-and-inequalities,maths,4
2015,rotational-motion,physics,4
2015,s-block-elements,chemistry,4
2015,sequences-and-series,maths,8
2015,sets-and-relations,maths,4
2015,simple-harmonic-motion,physics,12
2015,solid-state,chemistry,4
2015,solutions,chemistry,4
2015,some-basic-concepts-of-chemistry,chemistry,4
2015,statistics,maths,4
2015,straight-lines-and-pair-of-straight-lines,maths,4
2015,structure-of-atom,chemistry,4
2015,thermodynamics,chemistry,4
2015,vector-algebra,maths,4
2015,wave-optics,physics,12
2015,waves,physics,4
2016,3d-geometry,maths,4
2016,alcohols-phenols-and-ethers,chemistry,4
2016,aldehydes-ketones-and-carboxylic-acids,chemistry,4
2016,alternating-current,physics,4
2016,application-of-derivatives,maths,4
2016,area-under-the-curves,maths,4
2016,atoms-and-nuclei,physics,4
2016,basics-of-organic-chemistry,chemistry,4
2016,binomial-theorem,maths,4
2016,biomolecules,chemistry,4
2016,capacitor,physics,4
2016,center-of-mass,physics,4
2016,chemical-bonding-and-molecular-structure,chemistry,4
2016,chemical-equilibrium,chemistry,4
2016,chemical-kinetics-and-nuclear-chemistry,chemistry,4
2016,chemistry-in-everyday-life,chemistry,4
2016,circle,maths,4
2016,communication-systems,physics,4
2016,complex-numbers,maths,4
2016,compounds-containing-nitrogen,chemistry,4
2016,coordination-compounds,chemistry,8
2016,current-electricity,physics,4
2016,d-and-f-block-elements,chemistry,8
2016,definite-integration,maths,4
2016,differential-equations,maths,4
2016,dual-nature-of-radiation,physics,4
2016,electrochemistry,chemistry,8
2016,electromagnetic-induction,physics,4
2016,electromagnetic-waves,physics,4
2016,electronic-devices,physics,8
2016,electrostatics,physics,4
2016,ellipse,maths,4
2016,environmental-chemistry,chemistry,4
2016,functions,maths,4
2016,gaseous-state,chemistry,4
2016,geometrical-optics,physics,8
2016,gravitation,physics,4
2016,heat-and-thermodynamics,physics,8
2016,height-and-distance,maths,4
2016,hydrocarbons,chemistry,4
2016,hydrogen,chemistry,4
2016,hyperbola,maths,4
2016,indefinite-integrals,maths,4
2016,isolation-of-elements,chemistry,4
2016,laws-of-motion,physics,4
2016,limits-continuity-and-differentiability,maths,4
2016,magnetic-properties-of-matter,physics,4
2016,magnetics,physics,4
2016,mathematical-reasoning,maths,4
2016,matrices-and-determinants,maths,4
2016,p-block-elements,chemistry,4
2016,parabola,maths,4
2016,periodic-table-and-periodicity,chemistry,4
2016,permutations-and-combinations,maths,4
2016,polymers,chemistry,4
2016,practical-organic-chemistry,chemistry,4
2016,probability,maths,4
2016,properties-of-matter,physics,4
2016,quadratic-equation-and-inequalities,maths,4
2016,redox-reactions,chemistry,4
2016,rotational-motion,physics,4
2016,s-block-elements,chemistry,4
2016,sequences-and-series,maths,4
2016,sets-and-relations,maths,4
2016,simple-harmonic-motion,physics,4
2016,solutions,chemistry,4
2016,some-basic-concepts-of-chemistry,chemistry,4
2016,statistics,maths,4
2016,straight-lines-and-pair-of-straight-lines,maths,4
2016,structure-of-atom,chemistry,4
2016,surface-chemistry,chemistry,4
2016,thermodynamics,chemistry,8
2016,trigonometric-ratio-and-identites,maths,4
2016,units-and-measurements,physics,8
2016,vector-algebra,maths,4
2016,wave-optics,physics,4
2016,waves,physics,8
2016,work-power-and-energy,physics,4
2017,3d-geometry,maths,8
2017,alternating-current,physics,4
2017,application-of-derivatives,maths,4
2017,area-under-the-curves,maths,4
2017,atoms-and-nuclei,physics,8
2017,basics-of-organic-chemistry,chemistry,4
2017,binomial-theorem,maths,4
2017,biomolecules,chemistry,4
2017,capacitor,physics,4
2017,chemical-bonding-and-molecular-structure,chemistry,8
2017,chemical-equilibrium,chemistry,4
2017,chemical-kinetics-and-nuclear-chemistry,chemistry,4
2017,circle,maths,4
2017,communication-systems,physics,4
2017,complex-numbers,maths,4
2017,coordination-compounds,chemistry,4
2017,current-electricity,physics,4
2017,d-and-f-block-elements,chemistry,4
2017,definite-integration,maths,4
2017,differential-equations,maths,4
2017,differentiation,maths,4
2017,dual-nature-of-radiation,physics,4
2017,electrochemistry,chemistry,8
2017,electromagnetic-induction,physics,4
2017,electromagnetic-waves,physics,4
2017,electronic-devices,physics,4
2017,electrostatics,physics,4
2017,ellipse,maths,4
2017,environmental-chemistry,chemistry,4
2017,functions,maths,4
2017,gaseous-state,chemistry,4
2017,geometrical-optics,physics,4
2017,gravitation,physics,4
2017,haloalkanes-and-haloarenes,chemistry,4
2017,heat-and-thermodynamics,physics,8
2017,height-and-distance,maths,4
2017,hydrogen,chemistry,4
2017,hyperbola,maths,4
2017,indefinite-integrals,maths,4
2017,inverse-trigonometric-functions,maths,4
2017,ionic-equilibrium,chemistry,4
2017,limits-continuity-and-differentiability,maths,4
2017,magnetic-properties-of-matter,physics,4
2017,magnetics,physics,4
2017,mathematical-reasoning,maths,4
2017,matrices-and-determinants,maths,4
2017,motion-in-a-straight-line,physics,4
2017,p-block-elements,chemistry,4
2017,parabola,maths,4
2017,periodic-table-and-periodicity,chemistry,4
2017,permutations-and-combinations,maths,4
2017,polymers,chemistry,4
2017,practical-organic-chemistry,chemistry,4
2017,probability,maths,8
2017,properties-of-matter,physics,4
2017,quadratic-equation-and-inequalities,maths,4
2017,redox-reactions,chemistry,4
2017,rotational-motion,physics,4
2017,s-block-elements,chemistry,4
2017,sequences-and-series,maths,4
2017,simple-harmonic-motion,physics,4
2017,solid-state,chemistry,4
2017,solutions,chemistry,4
2017,some-basic-concepts-of-chemistry,chemistry,8
2017,statistics,maths,4
2017,straight-lines-and-pair-of-straight-lines,maths,4
2017,structure-of-atom,chemistry,8
2017,surface-chemistry,chemistry,4
2017,thermodynamics,chemistry,8
2017,trigonometric-ratio-and-identites,maths,4
2017,units-and-measurements,physics,4
2017,vector-algebra,maths,4
2017,wave-optics,physics,4
2017,waves,physics,4
2017,work-power-and-energy,physics,4
2018,3d-geometry,maths,8
2018,aldehydes-ketones-and-carboxylic-acids,chemistry,4
2018,alternating-current,physics,4
2018,application-of-derivatives,maths,4
2018,area-under-the-curves,maths,4
2018,atoms-and-nuclei,physics,8
2018,basics-of-organic-chemistry,chemistry,4
2018,binomial-theorem,maths,4
2018,biomolecules,chemistry,4
2018,capacitor,physics,4
2018,center-of-mass,physics,4
2018,chemical-bonding-and-molecular-structure,chemistry,8
2018,chemical-equilibrium,chemistry,4
2018,chemical-kinetics-and-nuclear-chemistry,chemistry,8
2018,circle,maths,4
2018,circular-motion,physics,4
2018,communication-systems,physics,4
2018,complex-numbers,maths,4
2018,coordination-compounds,chemistry,8
2018,current-electricity,physics,8
2018,d-and-f-block-elements,chemistry,4
2018,definite-integration,maths,4
2018,differential-equations,maths,4
2018,differentiation,maths,4
2018,dual-nature-of-radiation,physics,4
2018,electrochemistry,chemistry,4
2018,electromagnetic-induction,physics,4
2018,electromagnetic-waves,physics,4
2018,electronic-devices,physics,4
2018,electrostatics,physics,4
2018,ellipse,maths,4
2018,environmental-chemistry,chemistry,4
2018,functions,maths,4
2018,gaseous-state,chemistry,4
2018,geometrical-optics,physics,4
2018,gravitation,physics,4
2018,heat-and-thermodynamics,physics,4
2018,height-and-distance,maths,4
2018,hydrocarbons,chemistry,4
2018,hydrogen,chemistry,4
2018,hyperbola,maths,4
2018,indefinite-integrals,maths,4
2018,ionic-equilibrium,chemistry,8
2018,isolation-of-elements,chemistry,4
2018,laws-of-motion,physics,4
2018,limits-continuity-and-differentiability,maths,8
2018,magnetics,physics,4
2018,mathematical-reasoning,maths,4
2018,matrices-and-determinants,maths,8
2018,motion-in-a-straight-line,physics,4
2018,p-block-elements,chemistry,4
2018,parabola,maths,4
2018,periodic-table-and-periodicity,chemistry,4
2018,permutations-and-combinations,maths,4
2018,polymers,chemistry,4
2018,practical-organic-chemistry,chemistry,4
2018,probability,maths,4
2018,properties-of-matter,physics,4
2018,quadratic-equation-and-inequalities,maths,4
2018,sequences-and-series,maths,8
2018,sets-and-relations,maths,4
2018,simple-harmonic-motion,physics,4
2018,solid-state,chemistry,4
2018,solutions,chemistry,4
2018,some-basic-concepts-of-chemistry,chemistry,8
2018,statistics,maths,4
2018,straight-lines-and-pair-of-straight-lines,maths,4
2018,structure-of-atom,chemistry,4
2018,surface-chemistry,chemistry,4
2018,thermodynamics,chemistry,8
2018,units-and-measurements,physics,4
2018,vector-algebra,maths,4
2018,vector-algebra,physics,4
2018,wave-optics,physics,4
2018,waves,physics,4
2018,work-power-and-energy,physics,4
2019,3d-geometry,maths,4
2019,alcohols-phenols-and-ethers,chemistry,4
2019,aldehydes-ketones-and-carboxylic-acids,chemistry,4
2019,alternating-current,physics,4
2019,application-of-derivatives,maths,4
2019,area-under-the-curves,maths,4
2019,atoms-and-nuclei,physics,4
2019,basics-of-organic-chemistry,chemistry,4
2019,binomial-theorem,maths,4
2019,biomolecules,chemistry,4
2019,capacitor,physics,4
2019,center-of-mass,physics,4
2019,chemical-bonding-and-molecular-structure,chemistry,4
2019,chemical-equilibrium,chemistry,4
2019,chemical-kinetics-and-nuclear-chemistry,chemistry,4
2019,circle,maths,4
2019,circular-motion,physics,4
2019,communication-systems,physics,4
2019,complex-numbers,maths,4
2019,compounds-containing-nitrogen,chemistry,4
2019,coordination-compounds,chemistry,4
2019,current-electricity,physics,4
2019,d-and-f-block-elements,chemistry,4
2019,definite-integration,maths,4
2019,differential-equations,maths,4
2019,differentiation,maths,4
2019,dual-nature-of-radiation,physics,4
2019,electrochemistry,chemistry,4
2019,electromagnetic-induction,physics,4
2019,electromagnetic-waves,physics,4
2019,electronic-devices,physics,4
2019,electrostatics,physics,4
2019,ellipse,maths,4
2019,environmental-chemistry,chemistry,4
2019,functions,maths,4
2019,gaseous-state,chemistry,4
2019,geometrical-optics,physics,4
2019,gravitation,physics,4
2019,haloalkanes-and-haloarenes,chemistry,4
2019,heat-and-thermodynamics,physics,4
2019,height-and-distance,maths,4
2019,hydrocarbons,chemistry,4
2019,hydrogen,chemistry,4
2019,hyperbola,maths,4
2019,indefinite-integrals,maths,4
2019,inverse-trigonometric-functions,maths,4
2019,ionic-equilibrium,chemistry,4
2019,isolation-of-elements,chemistry,4
2019,laws-of-motion,physics,4
2019,limits-continuity-and-differentiability,maths,4
2019,magnetic-properties-of-matter,physics,4
2019,magnetics,physics,4
2019,mathematical-reasoning,maths,4
2019,matrices-and-determinants,maths,4
2019,motion-in-a-plane,physics,4
2019,motion-in-a-straight-line,physics,4
2019,p-block-elements,chemistry,4
2019,parabola,maths,4
2019,periodic-table-and-periodicity,chemistry,4
2019,permutations-and-combinations,maths,4
2019,polymers,chemistry,4
2019,practical-organic-chemistry,chemistry,4
2019,probability,maths,4
2019,properties-of-matter,physics,4
2019,properties-of-triangle,maths,4
2019,quadratic-equation-and-inequalities,maths,4
2019,redox-reactions,chemistry,4
2019,rotational-motion,physics,4
2019,s-block-elements,chemistry,4
2019,sequences-and-series,maths,4
2019,sets-and-relations,maths,4
2019,simple-harmonic-motion,physics,4
2019,solid-state,chemistry,4
2019,solutions,chemistry,4
2019,some-basic-concepts-of-chemistry,chemistry,4
2019,statistics,maths,4
2019,straight-lines-and-pair-of-straight-lines,maths,4
2019,structure-of-atom,chemistry,4
2019,surface-chemistry,chemistry,4
2019,thermodynamics,chemistry,4
2019,trigonometric-functions-and-equations,maths,4
2019,trigonometric-ratio-and-identites,maths,4
2019,units-and-measurements,physics,4
2019,vector-algebra,maths,4
2019,vector-algebra,physics,4
2019,wave-optics,physics,4
2019,waves,physics,4
2019,work-power-and-energy,physics,4
2020,3d-geometry,maths,4
2020,alcohols-phenols-and-ethers,chemistry,4
2020,aldehydes-ketones-and-carboxylic-acids,chemistry,4
2020,alternating-current,physics,4
2020,application-of-derivatives,maths,4
2020,area-under-the-curves,maths,4
2020,atoms-and-nuclei,physics,4
2020,basics-of-organic-chemistry,chemistry,4
2020,binomial-theorem,maths,4
2020,biomolecules,chemistry,4
2020,capacitor,physics,4
2020,center-of-mass,physics,4
2020,chemical-bonding-and-molecular-structure,chemistry,4
2020,chemical-equilibrium,chemistry,4
2020,chemical-kinetics-and-nuclear-chemistry,chemistry,4
2020,chemistry-in-everyday-life,chemistry,4
2020,circle,maths,4
2020,circular-motion,physics,4
2020,communication-systems,physics,4
2020,complex-numbers,maths,4
2020,compounds-containing-nitrogen,chemistry,4
2020,coordination-compounds,chemistry,4
2020,current-electricity,physics,4
2020,d-and-f-block-elements,chemistry,4
2020,definite-integration,maths,4
2020,differential-equations,maths,4
2020,differentiation,maths,4
2020,dual-nature-of-radiation,physics,4
2020,electrochemistry,chemistry,4
2020,electromagnetic-induction,physics,4
2020,electromagnetic-waves,physics,4
2020,electronic-devices,physics,4
2020,electrostatics,physics,4
2020,ellipse,maths,4
2020,environmental-chemistry,chemistry,4
2020,functions,maths,4
2020,gaseous-state,chemistry,4
2020,geometrical-optics,physics,4
2020,gravitation,physics,4
2020,haloalkanes-and-haloarenes,chemistry,4
2020,heat-and-thermodynamics,physics,4
2020,height-and-distance,maths,4
2020,hydrocarbons,chemistry,4
2020,hydrogen,chemistry,4
2020,hyperbola,maths,4
2020,indefinite-integrals,maths,4
2020,inverse-trigonometric-functions,maths,4
2020,ionic-equilibrium,chemistry,4
2020,isolation-of-elements,chemistry,4
2020,laws-of-motion,physics,4
2020,limits-continuity-and-differentiability,maths,4
2020,logarithm,maths,4
2020,magnetic-properties-of-matter,physics,4
2020,magnetics,physics,4
2020,mathematical-reasoning,maths,4
2020,matrices-and-determinants,maths,4
2020,motion-in-a-plane,physics,4
2020,motion-in-a-straight-line,physics,4
2020,p-block-elements,chemistry,4
2020,parabola,maths,4
2020,periodic-table-and-periodicity,chemistry,4
2020,permutations-and-combinations,maths,4
2020,polymers,chemistry,4
2020,practical-organic-chemistry,chemistry,4
2020,probability,maths,4
2020,properties-of-matter,physics,4
2020,properties-of-triangle,maths,4
2020,quadratic-equation-and-inequalities,maths,4
2020,redox-reactions,chemistry,4
2020,rotational-motion,physics,4
2020,s-block-elements,chemistry,4
2020,sequences-and-series,maths,4
2020,sets-and-relations,maths,4
2020,simple-harmonic-motion,physics,4
2020,solid-state,chemistry,4
2020,solutions,chemistry,4
2020,some-basic-concepts-of-chemistry,chemistry,4
2020,statistics,maths,4
2020,straight-lines-and-pair-of-straight-lines,maths,4
2020,structure-of-atom,chemistry,4
2020,surface-chemistry,chemistry,4
2020,thermodynamics,chemistry,4
2020,trigonometric-ratio-and-identites,maths,4
2020,units-and-measurements,physics,4
2020,vector-algebra,maths,4
2020,vector-algebra,physics,4
2020,wave-optics,physics,4
2020,waves,physics,4
2020,work-power-and-energy,physics,4
2021,3d-geometry,maths,4
2021,alcohols-phenols-and-ethers,chemistry,4
2021,aldehydes-ketones-and-carboxylic-acids,chemistry,4
2021,alternating-current,physics,4
2021,application-of-derivatives,maths,4
2021,area-under-the-curves,maths,4
2021,atoms-and-nuclei,physics,4
2021,basics-of-organic-chemistry,chemistry,4
2021,binomial-theorem,maths,4
2021,biomolecules,chemistry,4
2021,capacitor,physics,4
2021,center-of-mass,physics,4
2021,chemical-bonding-and-molecular-structure,chemistry,4
2021,chemical-equilibrium,chemistry,4
2021,chemical-kinetics-and-nuclear-chemistry,chemistry,4
2021,chemistry-in-everyday-life,chemistry,4
2021,circle,maths,4
2021,circular-motion,physics,4
2021,communication-systems,physics,4
2021,complex-numbers,maths,4
2021,compounds-containing-nitrogen,chemistry,4
2021,coordination-compounds,chemistry,4
2021,current-electricity,physics,4
2021,d-and-f-block-elements,chemistry,4
2021,definite-integration,maths,4
2021,differential-equations,maths,4
2021,differentiation,maths,4
2021,dual-nature-of-radiation,physics,4
2021,electrochemistry,chemistry,4
2021,electromagnetic-induction,physics,4
2021,electromagnetic-waves,physics,4
2021,electronic-devices,physics,4
2021,electrostatics,physics,4
2021,ellipse,maths,4
2021,environmental-chemistry,chemistry,4
2021,functions,maths,4
2021,gaseous-state,chemistry,4
2021,geometrical-optics,physics,4
2021,gravitation,physics,4
2021,haloalkanes-and-haloarenes,chemistry,4
2021,heat-and-thermodynamics,physics,4
2021,height-and-distance,maths,4
2021,hydrocarbons,chemistry,4
2021,hydrogen,chemistry,4
2021,hyperbola,maths,4
2021,indefinite-integrals,maths,4
2021,inverse-trigonometric-functions,maths,4
2021,ionic-equilibrium,chemistry,4
2021,isolation-of-elements,chemistry,4
2021,laws-of-motion,physics,4
2021,limits-continuity-and-differentiability,maths,4
2021,logarithm,maths,4
2021,magnetic-properties-of-matter,physics,4
2021,magnetics,physics,4
2021,mathematical-reasoning,maths,4
2021,matrices-and-determinants,maths,4
2021,motion-in-a-plane,physics,4
2021,motion-in-a-straight-line,physics,4
2021,p-block-elements,chemistry,4
2021,parabola,maths,4
2021,periodic-table-and-periodicity,chemistry,4
2021,permutations-and-combinations,maths,4
2021,polymers,chemistry,4
2021,practical-organic-chemistry,chemistry,4
2021,probability,maths,4
2021,properties-of-matter,physics,4
2021,properties-of-triangle,maths,4
2021,quadratic-equation-and-inequalities,maths,4
2021,redox-reactions,chemistry,4
2021,rotational-motion,physics,4
2021,s-block-elements,chemistry,4
2021,sequences-and-series,maths,4
2021,sets-and-relations,maths,4
2021,simple-harmonic-motion,physics,4
2021,solid-state,chemistry,4
2021,solutions,chemistry,4
2021,some-basic-concepts-of-chemistry,chemistry,4
2021,statistics,maths,4
2021,straight-lines-and-pair-of-straight-lines,maths,4
2021,structure-of-atom,chemistry,4
2021,surface-chemistry,chemistry,4
2021,thermodynamics,chemistry,4
2021,trigonometric-functions-and-equations,maths,4
2021,trigonometric-ratio-and-identites,maths,4
2021,units-and-measurements,physics,4
2021,vector-algebra,maths,4
2021,vector-algebra,physics,4
2021,wave-optics,physics,4
2021,waves,physics,4
2021,work-power-and-energy,physics,4
2022,3d-geometry,maths,4
2022,alcohols-phenols-and-ethers,chemistry,4
2022,aldehydes-ketones-and-carboxylic-acids,chemistry,4
2022,alternating-current,physics,4
2022,application-of-derivatives,maths,4
2022,area-under-the-curves,maths,4
2022,atoms-and-nuclei,physics,4
2022,basics-of-organic-chemistry,chemistry,4
2022,binomial-theorem,maths,4
2022,biomolecules,chemistry,4
2022,capacitor,physics,4
2022,center-of-mass,physics,4
2022,chemical-bonding-and-molecular-structure,chemistry,4
2022,chemical-equilibrium,chemistry,4
2022,chemical-kinetics-and-nuclear-chemistry,chemistry,4
2022,chemistry-in-everyday-life,chemistry,4
2022,circle,maths,4
2022,circular-motion,physics,4
2022,communication-systems,physics,4
2022,complex-numbers,maths,4
2022,compounds-containing-nitrogen,chemistry,4
2022,coordination-compounds,chemistry,4
2022,current-electricity,physics,4
2022,d-and-f-block-elements,chemistry,4
2022,definite-integration,maths,4
2022,differential-equations,maths,4
2022,differentiation,maths,4
2022,dual-nature-of-radiation,physics,4
2022,electrochemistry,chemistry,4
2022,electromagnetic-induction,physics,4
2022,electromagnetic-waves,physics,4
2022,electronic-devices,physics,4
2022,electrostatics,physics,4
2022,ellipse,maths,4
2022,environmental-chemistry,chemistry,4
2022,functions,maths,4
2022,gaseous-state,chemistry,4
2022,geometrical-optics,physics,4
2022,gravitation,physics,4
2022,haloalkanes-and-haloarenes,chemistry,4
2022,heat-and-thermodynamics,physics,4
2022,height-and-distance,maths,4
2022,hydrocarbons,chemistry,4
2022,hydrogen,chemistry,4
2022,hyperbola,maths,4
2022,indefinite-integrals,maths,4
2022,inverse-trigonometric-functions,maths,4
2022,ionic-equilibrium,chemistry,4
2022,isolation-of-elements,chemistry,4
2022,laws-of-motion,physics,4
2022,limits-continuity-and-differentiability,maths,4
2022,magnetic-properties-of-matter,physics,4
2022,magnetics,physics,4
2022,mathematical-reasoning,maths,4
2022,matrices-and-determinants,maths,4
2022,motion-in-a-plane,physics,4
2022,motion-in-a-straight-line,physics,4
2022,p-block-elements,chemistry,4
2022,parabola,maths,4
2022,periodic-table-and-periodicity,chemistry,4
2022,permutations-and-combinations,maths,4
2022,polymers,chemistry,4
2022,practical-organic-chemistry,chemistry,4
2022,probability,maths,4
2022,properties-of-matter,physics,4
2022,properties-of-triangle,maths,4
2022,quadratic-equation-and-inequalities,maths,4
2022,redox-reactions,chemistry,4
2022,rotational-motion,physics,4
2022,s-block-elements,chemistry,4
2022,sequences-and-series,maths,4
2022,sets-and-relations,maths,4
2022,simple-harmonic-motion,physics,4
2022,solid-state,chemistry,4
2022,solutions,chemistry,4
2022,some-basic-concepts-of-chemistry,chemistry,4
2022,statistics,maths,4
2022,straight-lines-and-pair-of-straight-lines,maths,4
2022,structure-of-atom,chemistry,4
2022,surface-chemistry,chemistry,4
2022,thermodynamics,chemistry,4
2022,trigonometric-ratio-and-identites,maths,4
2022,units-and-measurements,physics,4
2022,vector-algebra,maths,4
2022,vector-algebra,physics,4
2022,wave-optics,physics,4
2022,waves,physics,4
2022,work-power-and-energy,physics,4
2023,3d-geometry,maths,4
2023,alcohols-phenols-and-ethers,chemistry,4
2023,aldehydes-ketones-and-carboxylic-acids,chemistry,4
2023,alternating-current,physics,4
2023,application-of-derivatives,maths,4
2023,area-under-the-curves,maths,4
2023,atoms-and-nuclei,physics,4
2023,basics-of-organic-chemistry,chemistry,4
2023,binomial-theorem,maths,4
2023,biomolecules,chemistry,4
2023,capacitor,physics,4
2023,center-of-mass,physics,4
2023,chemical-bonding-and-molecular-structure,chemistry,4
2023,chemical-equilibrium,chemistry,4
2023,chemical-kinetics-and-nuclear-chemistry,chemistry,4
2023,chemistry-in-everyday-life,chemistry,4
2023,circle,maths,4
2023,circular-motion,physics,4
2023,communication-systems,physics,4
2023,complex-numbers,maths,4
2023,compounds-containing-nitrogen,chemistry,4
2023,coordination-compounds,chemistry,4
2023,current-electricity,physics,4
2023,d-and-f-block-elements,chemistry,4
2023,definite-integration,maths,4
2023,differential-equations,maths,4
2023,differentiation,maths,4
2023,dual-nature-of-radiation,physics,4
2023,electrochemistry,chemistry,4
2023,electromagnetic-induction,physics,4
2023,electromagnetic-waves,physics,4
2023,electronic-devices,physics,4
2023,electrostatics,physics,4
2023,ellipse,maths,4
2023,environmental-chemistry,chemistry,4
2023,functions,maths,4
2023,gaseous-state,chemistry,4
2023,geometrical-optics,physics,4
2023,gravitation,physics,4
2023,haloalkanes-and-haloarenes,chemistry,4
2023,heat-and-thermodynamics,physics,4
2023,height-and-distance,maths,4
2023,hydrocarbons,chemistry,4
2023,hydrogen,chemistry,4
2023,hyperbola,maths,4
2023,indefinite-integrals,maths,4
2023,inverse-trigonometric-functions,maths,4
2023,ionic-equilibrium,chemistry,4
2023,isolation-of-elements,chemistry,4
2023,laws-of-motion,physics,4
2023,limits-continuity-and-differentiability,maths,4
2023,logarithm,maths,4
2023,magnetic-properties-of-matter,physics,4
2023,magnetics,physics,4
2023,mathematical-reasoning,maths,4
2023,matrices-and-determinants,maths,4
2023,motion-in-a-plane,physics,4
2023,motion-in-a-straight-line,physics,4
2023,p-block-elements,chemistry,4
2023,parabola,maths,4
2023,periodic-table-and-periodicity,chemistry,4
2023,permutations-and-combinations,maths,4
2023,polymers,chemistry,4
2023,practical-organic-chemistry,chemistry,4
2023,probability,maths,4
2023,properties-of-matter,physics,4
2023,properties-of-triangle,maths,4
2023,quadratic-equation-and-inequalities,maths,4
2023,redox-reactions,chemistry,4
2023,rotational-motion,physics,4
2023,s-block-elements,chemistry,4
2023,sequences-and-series,maths,4
2023,sets-and-relations,maths,4
2023,simple-harmonic-motion,physics,4
2023,solid-state,chemistry,4
2023,solutions,chemistry,4
2023,some-basic-concepts-of-chemistry,chemistry,4
2023,statistics,maths,4
2023,straight-lines-and-pair-of-straight-lines,maths,4
2023,structure-of-atom,chemistry,4
2023,surface-chemistry,chemistry,4
2023,thermodynamics,chemistry,4
2023,trigonometric-ratio-and-identites,maths,4
2023,units-and-measurements,physics,4
2023,vector-algebra,maths,4
2023,vector-algebra,physics,4
2023,wave-optics,physics,4
2023,waves,physics,4
2023,work-power-and-energy,physics,4
2024,3d-geometry,maths,4
2024,alcohols-phenols-and-ethers,chemistry,4
2024,aldehydes-ketones-and-carboxylic-acids,chemistry,4
2024,alternating-current,physics,4
2024,application-of-derivatives,maths,4
2024,area-under-the-curves,maths,4
2024,atoms-and-nuclei,physics,4
2024,basics-of-organic-chemistry,chemistry,4
2024,binomial-theorem,maths,4
2024,biomolecules,chemistry,4
2024,capacitor,physics,4
2024,center-of-mass,physics,4
2024,chemical-bonding-and-molecular-structure,chemistry,4
2024,chemical-equilibrium,chemistry,4
2024,chemical-kinetics-and-nuclear-chemistry,chemistry,4
2024,chemistry-in-everyday-life,chemistry,4
2024,circle,maths,4
2024,circular-motion,physics,4
2024,complex-numbers,maths,4
2024,compounds-containing-nitrogen,chemistry,4
2024,coordination-compounds,chemistry,4
2024,current-electricity,physics,4
2024,d-and-f-block-elements,chemistry,4
2024,definite-integration,maths,4
2024,differential-equations,maths,4
2024,differentiation,maths,4
2024,dual-nature-of-radiation,physics,4
2024,electrochemistry,chemistry,4
2024,electromagnetic-induction,physics,4
2024,electromagnetic-waves,physics,4
2024,electronic-devices,physics,4
2024,electrostatics,physics,4
2024,ellipse,maths,4
2024,functions,maths,4
2024,geometrical-optics,physics,4
2024,gravitation,physics,4
2024,haloalkanes-and-haloarenes,chemistry,4
2024,heat-and-thermodynamics,physics,4
2024,hydrocarbons,chemistry,4
2024,hyperbola,maths,4
2024,indefinite-integrals,maths,4
2024,inverse-trigonometric-functions,maths,4
2024,ionic-equilibrium,chemistry,4
2024,laws-of-motion,physics,4
2024,limits-continuity-and-differentiability,maths,4
2024,magnetic-properties-of-matter,physics,4
2024,magnetics,physics,4
2024,matrices-and-determinants,maths,4
2024,motion-in-a-plane,physics,4
2024,motion-in-a-straight-line,physics,4
2024,p-block-elements,chemistry,4
2024,parabola,maths,4
2024,periodic-table-and-periodicity,chemistry,4
2024,permutations-and-combinations,maths,4
2024,practical-organic-chemistry,chemistry,4
2024,probability,maths,4
2024,properties-of-matter,physics,4
2024,properties-of-triangle,maths,4
2024,quadratic-equation-and-inequalities,maths,4
2024,redox-reactions,chemistry,4
2024,rotational-motion,physics,4
2024,sequences-and-series,maths,4
2024,sets-and-relations,maths,4
2024,simple-harmonic-motion,physics,4
2024,solutions,chemistry,4
2024,some-basic-concepts-of-chemistry,chemistry,4
2024,statistics,maths,4
2024,straight-lines-and-pair-of-straight-lines,maths,4
2024,structure-of-atom,chemistry,4
2024,surface-chemistry,chemistry,4
2024,thermodynamics,chemistry,4
2024,trigonometric-functions-and-equations,maths,4
2024,trigonometric-ratio-and-identites,maths,4
2024,units-and-measurements,physics,4
2024,vector-algebra,maths,4
2024,vector-algebra,physics,4
2024,wave-optics,physics,4
2024,waves,physics,4
2024,work-power-and-energy,physics,4
